Feature,Importance
GrLivArea,20037.9716596189
OverallQual,17443.7323683845
TotalBsmtSF,11346.234300806484
GarageCars,4973.020718002032
BsmtFinSF1,1721.6181733681763
YearBuilt,1720.9851387444546
LotArea,1470.899591967977
BsmtQual,1130.2326254495517
YearRemodAdd,968.3282129664607
OverallCond,850.6062061927539
Fireplaces,781.017235950964
FullBath,627.2666923946177
Neighborhood,472.0767166683145
KitchenQual,358.42593041824983
BsmtExposure,299.826734341072
Condition1,271.6299481687227
GarageYrBlt,222.4893333635435
TotRmsAbvGrd,208.2971208138544
MSZoning,179.01719312979293
GarageArea,162.46756409953122
2ndFlrSF,154.00182832449462
CentralAir,135.72644715584937
BedroomAbvGr,112.45899434617058
HalfBath,111.97409615780126
ScreenPorch,101.37215020258373
LotFrontage,66.22795313532188
BsmtFinType1,65.56838161987689
MoSold,63.79442215605086
GarageCond,48.3847571186343
SaleCondition,40.5626185642177
Exterior1st,30.536219693407837
GarageType,24.501100351748754
YrSold,23.815586783950856
BsmtFullBath,15.427922484939335
SaleType,13.056056287236425
KitchenAbvGr,12.227299453620072
MSSubClass,10.106988369957616
Functional,10.020370912956059
ExterQual,9.72077438048036
BsmtCond,8.599848205760646
LotShape,6.989152307327458
PavedDrive,2.858105727089787
OpenPorchSF,0.6090010235642694
Id,0.0
LandSlope,0.0
Utilities,0.0
Street,0.0
Alley,0.0
Fence,0.0
PoolQC,0.0
BldgType,0.0
Condition2,0.0
MiscVal,0.0
MiscFeature,0.0
GarageQual,0.0
Electrical,0.0
RoofStyle,0.0
RoofMatl,0.0
ExterCond,0.0
LowQualFinSF,0.0
BsmtFinType2,0.0
BsmtFinSF2,0.0
Heating,0.0
HeatingQC,0.0
BsmtHalfBath,0.0
PoolArea,0.0
EnclosedPorch,0.0
Foundation,-1.9779175258317991
HouseStyle,-2.4387490656834414
3SsnPorch,-12.882181758882506
FireplaceQu,-17.458431008583283
MasVnrType,-20.998599743024897
Exterior2nd,-21.11675821570352
GarageFinish,-24.95895484428511
LandContour,-62.04544344508613
LotConfig,-85.7583240009586
BsmtUnfSF,-156.73736652676342
1stFlrSF,-391.28765936327
WoodDeckSF,-428.9246407971317
MasVnrArea,-505.7853945991865
